{"cameraMode":{"drawMode":0,"name":"Shaded","section":"Shading Mode"},"sceneLighting":false,"audioPlay":false,"sceneViewState":{"showFog":true,"showMaterialUpdate":false,"showSkybox":false,"showFlares":true,"showImageEffects":true,"showParticleSystems":true},"in2DMode":false,"pivot":{"x":-0.3860013484954834,"y":-0.2752636671066284,"z":-0.004796266555786133},"rotation":{"x":0.1723792999982834,"y":0.7195718884468079,"z":-0.19242942333221436,"w":0.6445863842964172},"size":2.8578836917877199,"orthographic":false}